{
  "graphs": [
    {
      "id": 1,
      "nodes": ["A", "B", "C", "D", "E"],
      "edges": [
        {"from": "A", "to": "B", "weight": 4},
        {"from": "A", "to": "C", "weight": 3},
        {"from": "B", "to": "C", "weight": 2},
        {"from": "B", "to": "D", "weight": 5},
        {"from": "C", "to": "D", "weight": 7},
        {"from": "C", "to": "E", "weight": 8},
        {"from": "D", "to": "E", "weight": 6}
      ]
    },
    {
      "id": 2,
      "nodes": ["A", "B", "C", "D"],
      "edges": [
        {"from": "A", "to": "B", "weight": 1},
        {"from": "A", "to": "C", "weight": 4},
        {"from": "B", "to": "C", "weight": 2},
        {"from": "C", "to": "D", "weight": 3},
        {"from": "B", "to": "D", "weight": 5}
      ]
    }
  ]
}
