{"results":[{"input_stats":{"vertices":5,"edges":7},"kruskal":{"mst_edges":[{"weight":2,"from":"B","to":"C"},{"weight":3,"from":"A","to":"C"},{"weight":5,"from":"B","to":"D"},{"weight":6,"from":"D","to":"E"}],"total_cost":16,"execution_time_ms":4.6662,"operations_count":28},"graph_id":1},{"input_stats":{"vertices":4,"edges":5},"kruskal":{"mst_edges":[{"weight":1,"from":"A","to":"B"},{"weight":2,"from":"B","to":"C"},{"weight":3,"from":"C","to":"D"}],"total_cost":6,"execution_time_ms":0.0439,"operations_count":20},"graph_id":2}]}